{"cameraMode":{"drawMode":0,"name":"Shaded","section":"Shading Mode"},"sceneLighting":true,"audioPlay":false,"sceneViewState":{"showFog":true,"showMaterialUpdate":false,"showSkybox":false,"showFlares":true,"showImageEffects":true,"showParticleSystems":true},"in2DMode":false,"pivot":{"x":13.065194129943848,"y":-9.301652908325196,"z":-4.431372165679932},"rotation":{"x":0.16724039614200593,"y":0.7124699950218201,"z":-0.1814156025648117,"w":0.6569298505783081},"size":13.653428077697754,"orthographic":false}